{
  "nrmse_train": 0.4854585999930573,
  "nrmse_test": 0.4936655088731498,
  "ridge_alpha": 100.0
}