{
  "runs": [
    {
      "benchmark": "iris",
      "skipped": false,
      "r2_train": -27.19006153382605,
      "r2_test": -70976.58781833116,
      "permutation_importance_mean": {
        "default_k": -1676.147788463626,
        "noise_int": 0.0,
        "motif_code": -1722.0350497431984
      },
      "loss_curve": [
        0.5834711832406299,
        0.5621355118633404,
        0.5414418249637425,
        0.5217698264152696,
        0.5032662926027829,
        0.4852794176731314,
        0.46782473773067,
        0.4509338994861402,
        0.4346611106657979,
        0.41898508755498565,
        0.40390037405532814,
        0.38947573986853423,
        0.37585446557990965,
        0.36270332774905095,
        0.35001629679807333,
        0.3378459158424886,
        0.3262009427833935,
        0.31508763264723255,
        0.30446051342992064,
        0.2937186118230661,
        0.28333682672331095,
        0.2733956758989099,
        0.26402024614152925,
        0.254929999745304,
        0.24720323136127645,
        0.2399311848717636,
        0.2324901637499048,
        0.224873884913994,
        0.21729306770551113,
        0.2094690345364943,
        0.2016994759748076,
        0.19426575550548164,
        0.18688583642789913,
        0.17960017810959725,
        0.1724547826264643,
        0.16547489405997412,
        0.1586743222925298,
        0.15203997017405696,
        0.14558013338215442,
        0.13930103417537681,
        0.13320676211245175,
        0.1273081296147371,
        0.12159902888244871,
        0.11607610418905999,
        0.11062351645468624,
        0.10528985581242839,
        0.1001059692828572,
        0.09508343489902718,
        0.09021541678772856,
        0.08551845466603325,
        0.08099361310882669,
        0.07649587096970752,
        0.07210468298705706,
        0.06787769490006587,
        0.06391189625451636,
        0.06008007647422703,
        0.05640532187043642,
        0.05288929682548545,
        0.04953165076345678,
        0.04633087794606764,
        0.0432869649419324,
        0.04040891146742872,
        0.037739535512304655,
        0.035218380607407444,
        0.03284050777689184,
        0.03060068896244776,
        0.028495237265381914,
        0.02652697612498897,
        0.024678416930065953,
        0.022944012696749342,
        0.021318240601849135,
        0.019799055799126084,
        0.018380112845592423,
        0.017054248790446792,
        0.01592883353148171,
        0.014895140237688294,
        0.013925240069113122,
        0.013015899050193024,
        0.012164001726486701,
        0.011367560173653066,
        0.01062247569094098,
        0.00992577381269935,
        0.009274603847524715,
        0.008666240712997856,
        0.008098809326261764,
        0.007567639738847853,
        0.007073408009173916,
        0.0066120427881492016,
        0.006181434871978137,
        0.005779650353389645,
        0.005404851406825439,
        0.005055293873088226,
        0.0047293247488466575,
        0.004425379645314151,
        0.004141980256102831,
        0.0038777318539889843,
        0.003631320820216926,
        0.003401512197938869,
        0.0031871472532009953,
        0.0029871410221919254,
        0.002800479821833489,
        0.0026262187017299394,
        0.002463478818489661,
        0.0023114447179811066,
        0.00216936151668724,
        0.002036531979518507,
        0.00191231349781679,
        0.0017972371398321577,
        0.0016872925047825827,
        0.0015854637176723196,
        0.0014901725931745825,
        0.0014010014104062435,
        0.0013175675600928102,
        0.001239662592898845,
        0.0011670087200654979,
        0.0010990206470217674,
        0.0010354423699668587,
        0.0009760368957615683,
        0.000920583830381285,
        0.0008688771644552409,
        0.0008207627173869886,
        0.0007761331004317809,
        0.0007347847629804598,
        0.0006964427489708144,
        0.0006610564025727815
      ]
    },
    {
      "benchmark": "narma10",
      "skipped": false,
      "r2_train": -2.060216790137535,
      "r2_test": -927.7956689727603,
      "permutation_importance_mean": {
        "default_k": -64.73881078714037,
        "noise_int": 0.0,
        "motif_code": -53.04010134501997
      },