{
  "nrmse_train": 0.4288632627144302,
  "nrmse_test": 0.8251064683021406,
  "ridge_alpha": 21.54434690031878
}